23,admin,admin,Administrador,,
67,user02,socio,Pedro Socio,,
68,user03,socio,Pancho Socio,,
69,user05,socio,Julio Socio,,
70,mozo 01,mozo,Pepe Mozo,,
71,bar01,bartender,Bartender 01,barra_vino,
72,cerve01,cervecero,Cervecero 01,barra_cerveza,
73,coci01,cocinero,Cocinero 01,cocina,
74,coci02,cocinero,Cocinero 02,postres,
75,mozo02,mozo,Mozo 02,,
76,mozo05,mozo,Mozo 05,,
77,mozo13,mozo,Mozo 13,,
